id;username;password_hash;first_name;last_name;email;activated;lang_key;image_url;activation_key;reset_key;reset_date;login
1;woozy debug dump;who um business;Everette;Littel;Elinore_Dicki58@gmail.com;false;pocket;apud theft;indeed blah valiantly;seal modify entice;2024-04-01T07:10:03;"pNN@C\Au\_Uh\obYCqt\CJJN4b\k5"
2;upward;parlay;Abigail;Frami;Morton_Hamill@hotmail.com;false;empty after;entice like zowie;recondition;swell embassy even;2024-04-01T10:50:28;"1er"
3;far-flung ouch;duh elevation;Anissa;Macejkovic;Boris_Zboncak22@hotmail.com;true;propound vacantly cleverly;holiday victorious;flustered between;certainly yippee;2024-04-01T08:35:47;"g}@K\JDqHYb\'qa\FtU\!RezDF8"
4;miserably rigidly because;poleaxe poorly;Amira;Bartoletti;Vernie.Rau@hotmail.com;true;subdued now beginner;consequently;underwriting likewise yahoo;willfully comfortable mostly;2024-04-01T06:38:59;"XiWS"
5;haste;mid whispered limber;Roscoe;Little;Therese20@hotmail.com;false;expansion prize;incidentally;eek;linear qua;2024-04-01T02:13:29;"gM@opiLB"
6;bah;elaborate pfft;Rey;Grady;Jeffry_Kub@yahoo.com;true;scallops aggressive;cheery so boohoo;menacing;worth survival sourwood;2024-04-01T00:38:36;"PlV2A5@t5VaR\(B"
7;regarding badly next;gosh slouch;Lenora;Schneider;Yessenia48@gmail.com;true;whoa hmph;increase woot;wolf turbulent;photoshop ew;2024-04-01T16:10:10;"U"
8;zowie;wicked upset;Erwin;Hills;Kenton_Wilkinson@hotmail.com;false;urgently preclude;obediently;mmm upward;electric hmph;2024-03-31T23:06:48;"B@l"
9;xerox yet;when expel iris;Jewell;Simonis;Breanna_Rath@hotmail.com;false;notwithstanding;relocate soulful;really beyond on;sans violation;2024-04-01T17:12:54;"y"
10;unnecessarily enraged;candid;Lelia;Prosacco;Robert65@hotmail.com;true;mediate upgrade;uh-huh into;ornate smooth;purple;2024-04-01T20:33:44;"1x2js"
